"term","x","f"
"cpoe",-40,-0.221912774220556
"cpoe",-39.9,-0.221362264340097
"cpoe",-39.8,-0.220811754459637
"cpoe",-39.7,-0.220261244579178
"cpoe",-39.6,-0.219710734698719
"cpoe",-39.5,-0.219160224818259
"cpoe",-39.4,-0.2186097149378
"cpoe",-39.3,-0.21805920505734
"cpoe",-39.2,-0.217508695176881
"cpoe",-39.1,-0.216958185296422
"cpoe",-39,-0.216407675415962
"cpoe",-38.9,-0.215857165535503
"cpoe",-38.8,-0.215306655655043
"cpoe",-38.7,-0.214756145774584
"cpoe",-38.6,-0.214205635894125
"cpoe",-38.5,-0.213655126013665
"cpoe",-38.4,-0.213104616133206
"cpoe",-38.3,-0.212554106252746
"cpoe",-38.2,-0.212003596372287
"cpoe",-38.1,-0.211453086491828
"cpoe",-38,-0.210902576611368
"cpoe",-37.9,-0.210352066730909
"cpoe",-37.8,-0.209801556850449
"cpoe",-37.7,-0.20925104696999
"cpoe",-37.6,-0.20870053708953
"cpoe",-37.5,-0.208150027209071
"cpoe",-37.4,-0.207599517328612
"cpoe",-37.3,-0.207049007448152
"cpoe",-37.2,-0.206498497567693
"cpoe",-37.1,-0.205947987687233
"cpoe",-37,-0.205397477806774
"cpoe",-36.9,-0.204846967926314
"cpoe",-36.8,-0.204296458045855
"cpoe",-36.7,-0.203745948165396
"cpoe",-36.6,-0.203195438284936
"cpoe",-36.5,-0.202644928404477
"cpoe",-36.4,-0.202094418524017
"cpoe",-36.3,-0.201543908643558
"cpoe",-36.2,-0.200993398763099
"cpoe",-36.1,-0.200442888882639
"cpoe",-36,-0.19989237900218
"cpoe",-35.9,-0.19934186912172
"cpoe",-35.8,-0.198791359241261
"cpoe",-35.7,-0.198240849360802
"cpoe",-35.6,-0.197690339480342
"cpoe",-35.5,-0.197139829599883
"cpoe",-35.4,-0.196589319719423
"cpoe",-35.3,-0.196038809838964
"cpoe",-35.2,-0.195488299958504
"cpoe",-35.1,-0.194937790078045
"cpoe",-35,-0.194387280197586
"cpoe",-34.9,-0.193836770317126
"cpoe",-34.8,-0.193286260436667
"cpoe",-34.7,-0.192735750556207
"cpoe",-34.6,-0.192185240675748
"cpoe",-34.5,-0.191634730795289
"cpoe",-34.4,-0.191084220914829
"cpoe",-34.3,-0.19053371103437
"cpoe",-34.2,-0.18998320115391
"cpoe",-34.1,-0.189432691273451
"cpoe",-34,-0.188882181392991
"cpoe",-33.9,-0.188331671512532
"cpoe",-33.8,-0.187781161632073
"cpoe",-33.7,-0.187230651751613
"cpoe",-33.6,-0.186680141871154
"cpoe",-33.5,-0.186129631990694
"cpoe",-33.4,-0.185579122110235
"cpoe",-33.3,-0.185028612229776
"cpoe",-33.2,-0.184478102349316
"cpoe",-33.1,-0.183927592468857
"cpoe",-33,-0.183377082588397
"cpoe",-32.9,-0.182826572707938
"cpoe",-32.8,-0.182276062827479
"cpoe",-32.7,-0.181725552947019
"cpoe",-32.6,-0.18117504306656
"cpoe",-32.5,-0.1806245331861
"cpoe",-32.4,-0.180074023305641
"cpoe",-32.3,-0.179523513425181
"cpoe",-32.2,-0.178973003544722
"cpoe",-32.1,-0.178422493664263
"cpoe",-32,-0.177871983783803
"cpoe",-31.9,-0.177321473903344
"cpoe",-31.8,-0.176770964022884
"cpoe",-31.7,-0.176220454142425
"cpoe",-31.6,-0.175669944261966
"cpoe",-31.5,-0.175119434381506
"cpoe",-31.4,-0.174568924501047
"cpoe",-31.3,-0.174018414620587
"cpoe",-31.2,-0.173467904740128
"cpoe",-31.1,-0.172917394859668
"cpoe",-31,-0.172366884979209
"cpoe",-30.9,-0.17181637509875
"cpoe",-30.8,-0.17126586521829
"cpoe",-30.7,-0.170715355337831
"cpoe",-30.6,-0.170164845457371
"cpoe",-30.5,-0.169614335576912
"cpoe",-30.4,-0.169063825696453
"cpoe",-30.3,-0.168513315815993
"cpoe",-30.2,-0.167962805935534
"cpoe",-30.1,-0.167412296055074
"cpoe",-30,-0.166861786174615
"cpoe",-29.9,-0.166311276294156
"cpoe",-29.8,-0.165760766413696
"cpoe",-29.7,-0.165210256533237
"cpoe",-29.6,-0.164659746652777
"cpoe",-29.5,-0.164109236772318
"cpoe",-29.4,-0.163558726891858
"cpoe",-29.3,-0.163008217011399
"cpoe",-29.2,-0.16245770713094
"cpoe",-29.1,-0.16190719725048
"cpoe",-29,-0.161356687370021
"cpoe",-28.9,-0.160806177489561
"cpoe",-28.8,-0.160255667609102
"cpoe",-28.7,-0.159705157728643
"cpoe",-28.6,-0.159154647848183
"cpoe",-28.5,-0.158604137967724
"cpoe",-28.4,-0.158053628087264
"cpoe",-28.3,-0.157503118206805
"cpoe",-28.2,-0.156952608326345
"cpoe",-28.1,-0.156402098445886
"cpoe",-28,-0.155851588565427
"cpoe",-27.9,-0.155301078684967
"cpoe",-27.8,-0.154750568804508
"cpoe",-27.7,-0.154200058924048
"cpoe",-27.6,-0.153649549043589
"cpoe",-27.5,-0.15309903916313
"cpoe",-27.4,-0.15254852928267
"cpoe",-27.3,-0.151998019402211
"cpoe",-27.2,-0.151447509521751
"cpoe",-27.1,-0.150896999641292
"cpoe",-27,-0.150346489760833
"cpoe",-26.9,-0.149795979880373
"cpoe",-26.8,-0.149245469999914
"cpoe",-26.7,-0.148694960119454
"cpoe",-26.6,-0.148144450238995
"cpoe",-26.5,-0.147593940358535
"cpoe",-26.4,-0.147043430478076
"cpoe",-26.3,-0.146492920597617
"cpoe",-26.2,-0.145942410717157
"cpoe",-26.1,-0.145391900836698
"cpoe",-26,-0.144841390956238
"cpoe",-25.9,-0.144290881075779
"cpoe",-25.8,-0.14374037119532
"cpoe",-25.7,-0.14318986131486
"cpoe",-25.6,-0.142639351434401
"cpoe",-25.5,-0.142088841553941
"cpoe",-25.4,-0.141538331673482
"cpoe",-25.3,-0.140987821793022
"cpoe",-25.2,-0.140437311912563
"cpoe",-25.1,-0.139886802032104
"cpoe",-25,-0.139336292151644
"cpoe",-24.9,-0.138785782271185
"cpoe",-24.8,-0.138235272390725
"cpoe",-24.7,-0.137684762510266
"cpoe",-24.6,-0.137134252629807
"cpoe",-24.5,-0.136583742749347
"cpoe",-24.4,-0.136033232868888
"cpoe",-24.3,-0.135482722988428
"cpoe",-24.2,-0.134932213107969
"cpoe",-24.1,-0.13438170322751
"cpoe",-24,-0.13383119334705
"cpoe",-23.9,-0.133280683466591
"cpoe",-23.8,-0.132730173586131
"cpoe",-23.7,-0.132179663705672
"cpoe",-23.6,-0.131629153825212
"cpoe",-23.5,-0.131078643944753
"cpoe",-23.4,-0.130528134064294
"cpoe",-23.3,-0.129977624183834
"cpoe",-23.2,-0.129427114303375
"cpoe",-23.1,-0.128876604422915
"cpoe",-23,-0.128326094542456
"cpoe",-22.9,-0.127775584661997
"cpoe",-22.8,-0.127225074781537
"cpoe",-22.7,-0.126674564901078
"cpoe",-22.6,-0.126124055020618
"cpoe",-22.5,-0.125573545140159
"cpoe",-22.4,-0.125023035259699
"cpoe",-22.3,-0.12447252537924
"cpoe",-22.2,-0.123922015498781
"cpoe",-22.1,-0.123371505618321
"cpoe",-22,-0.122820995737862
"cpoe",-21.9,-0.122270485857402
"cpoe",-21.8,-0.121719975976943
"cpoe",-21.7,-0.121169466096484
"cpoe",-21.6,-0.120618956216024
"cpoe",-21.5,-0.120068446335565
"cpoe",-21.4,-0.119517936455105
"cpoe",-21.3,-0.118967426574646
"cpoe",-21.2,-0.118416916694186
"cpoe",-21.1,-0.117866406813727
"cpoe",-21,-0.117315896933268
"cpoe",-20.9,-0.116765387052808
"cpoe",-20.8,-0.116214877172349
"cpoe",-20.7,-0.115664367291889
"cpoe",-20.6,-0.11511385741143
"cpoe",-20.5,-0.114563347530971
"cpoe",-20.4,-0.114012837650511
"cpoe",-20.3,-0.113462327770052
"cpoe",-20.2,-0.112911817889592
"cpoe",-20.1,-0.112361308009133
"cpoe",-20,-0.111810798128674
"cpoe",-19.9,-0.111260288248214
"cpoe",-19.8,-0.110709778367755
"cpoe",-19.7,-0.110159268487295
"cpoe",-19.6,-0.109608758606836
"cpoe",-19.5,-0.109058248726376
"cpoe",-19.4,-0.108507738845917
"cpoe",-19.3,-0.107957228965458
"cpoe",-19.2,-0.107406719084998
"cpoe",-19.1,-0.106856209204539
"cpoe",-19,-0.106305699324079
"cpoe",-18.9,-0.10575518944362
"cpoe",-18.8,-0.105204679563161
"cpoe",-18.7,-0.104654169682701
"cpoe",-18.6,-0.104103659802242
"cpoe",-18.5,-0.103553149921782
"cpoe",-18.4,-0.103002640041323
"cpoe",-18.3,-0.102452130160863
"cpoe",-18.2,-0.101901620280404
"cpoe",-18.1,-0.101351110399945
"cpoe",-18,-0.100800600519485
"cpoe",-17.9,-0.100250090639026
"cpoe",-17.8,-0.0996995807585664
"cpoe",-17.7,-0.099149070878107
"cpoe",-17.6,-0.0985985609976475
"cpoe",-17.5,-0.0980480511171882
"cpoe",-17.4,-0.0974975412367287
"cpoe",-17.3,-0.0969470313562693
"cpoe",-17.2,-0.0963965214758099
"cpoe",-17.1,-0.0958460115953505
"cpoe",-17,-0.0952955017148911
"cpoe",-16.9,-0.0947449918344316
"cpoe",-16.8,-0.0941944819539722
"cpoe",-16.7,-0.0936439720735128
"cpoe",-16.6,-0.0930934621930534
"cpoe",-16.5,-0.092542952312594
"cpoe",-16.4,-0.0919924424321346
"cpoe",-16.3,-0.0914419325516752
"cpoe",-16.2,-0.0908914226712158
"cpoe",-16.1,-0.0903409127907563
"cpoe",-16,-0.0897904029102969
"cpoe",-15.9,-0.0892398930298375
"cpoe",-15.8,-0.0886893831493781
"cpoe",-15.7,-0.0881388732689187
"cpoe",-15.6,-0.0875883633884593
"cpoe",-15.5,-0.0870378535079998
"cpoe",-15.4,-0.0864873436275404
"cpoe",-15.3,-0.085936833747081
"cpoe",-15.2,-0.0853863238666216
"cpoe",-15.1,-0.0848358139861622
"cpoe",-15,-0.0842853041057028
"cpoe",-14.9,-0.0837347942252434
"cpoe",-14.8,-0.0831842843447839
"cpoe",-14.7,-0.0826337744643245
"cpoe",-14.6,-0.0820832645838651
"cpoe",-14.5,-0.0815327547034057
"cpoe",-14.4,-0.0809822448229463
"cpoe",-14.3,-0.0804317349424869
"cpoe",-14.2,-0.0798812250620275
"cpoe",-14.1,-0.079330715181568
"cpoe",-14,-0.0787802053011086
"cpoe",-13.9,-0.0782296954206492
"cpoe",-13.8,-0.0776791855401898
"cpoe",-13.7,-0.0771286756597305
"cpoe",-13.6,-0.0765781657792712
"cpoe",-13.5,-0.0760276558988119
"cpoe",-13.4,-0.0754771460183527
"cpoe",-13.3,-0.0749266361378935
"cpoe",-13.2,-0.0743761262574344
"cpoe",-13.1,-0.0738256163769753
"cpoe",-13,-0.0732751064965164
"cpoe",-12.9,-0.0727245966160575
"cpoe",-12.8,-0.0721740867355987
"cpoe",-12.7,-0.0716235768551401
"cpoe",-12.6,-0.0710730669746815
"cpoe",-12.5,-0.0705225570942231
"cpoe",-12.4,-0.0699720472137647
"cpoe",-12.3,-0.0694215373333065
"cpoe",-12.2,-0.0688710274528485
"cpoe",-12.1,-0.0683205175723906
"cpoe",-12,-0.0677700076919329
"cpoe",-11.9,-0.0672194978114753
"cpoe",-11.8,-0.0666689879310179
"cpoe",-11.7,-0.0661184780505607
"cpoe",-11.6,-0.0655679681701036
"cpoe",-11.5,-0.0650174582896468
"cpoe",-11.4,-0.0644669484091901
"cpoe",-11.3,-0.0639164385287337
"cpoe",-11.2,-0.0633659286482775
"cpoe",-11.1,-0.0628154187678215
"cpoe",-11,-0.0622649088873658
"cpoe",-10.9,-0.0617143990069103
"cpoe",-10.8,-0.061163889126455
"cpoe",-10.7,-0.060613379246
"cpoe",-10.6,-0.0600628693655452
"cpoe",-10.5,-0.0595123594850907
"cpoe",-10.4,-0.0589618496046365
"cpoe",-10.3,-0.0584113397241825
"cpoe",-10.2,-0.0578608298437289
"cpoe",-10.1,-0.0573103199632754
"cpoe",-10,-0.0567598100828223
"cpoe",-9.9,-0.0562093002023695
"cpoe",-9.8,-0.0556587903219169
"cpoe",-9.7,-0.0551082804414646
"cpoe",-9.6,-0.0545577705610126
"cpoe",-9.5,-0.0540072606805609
"cpoe",-9.4,-0.0534567508001095
"cpoe",-9.3,-0.0529062409196584
"cpoe",-9.2,-0.0523557310392076
"cpoe",-9.1,-0.0518052211587571
"cpoe",-9,-0.0512547112783069
"cpoe",-8.9,-0.050704201397857
"cpoe",-8.8,-0.0501536915174074
"cpoe",-8.7,-0.0496031816369581
"cpoe",-8.6,-0.0490526717565092
"cpoe",-8.5,-0.0485021618760605
"cpoe",-8.4,-0.0479516519956122
"cpoe",-8.3,-0.0474011421151642
"cpoe",-8.2,-0.0468506322347165
"cpoe",-8.1,-0.0463001223542691
"cpoe",-8,-0.0457496124738221
"cpoe",-7.9,-0.0451991025933753
"cpoe",-7.8,-0.044648592712929
"cpoe",-7.7,-0.0440980828324829
"cpoe",-7.6,-0.0435475729520372
"cpoe",-7.5,-0.0429970630715918
"cpoe",-7.4,-0.0424465531911468
"cpoe",-7.3,-0.0418960433107021
"cpoe",-7.2,-0.0413455334302577
"cpoe",-7.1,-0.0407950235498137
"cpoe",-7,-0.04024451366937
"cpoe",-6.9,-0.0396940037889266
"cpoe",-6.8,-0.0391434939084835
"cpoe",-6.7,-0.0385929840280408
"cpoe",-6.6,-0.0380424741475984
"cpoe",-6.5,-0.0374919642671564
"cpoe",-6.4,-0.0369414543867146
"cpoe",-6.3,-0.0363909445062731
"cpoe",-6.2,-0.0358404346258319
"cpoe",-6.1,-0.035289924745391
"cpoe",-6,-0.0347394148649504
"cpoe",-5.9,-0.0341889049845099
"cpoe",-5.8,-0.0336383951040697
"cpoe",-5.7,-0.0330878852236297
"cpoe",-5.6,-0.03253737534319
"cpoe",-5.5,-0.0319868654627503
"cpoe",-5.4,-0.0314363555823108
"cpoe",-5.3,-0.0308858457018714
"cpoe",-5.2,-0.0303353358214321
"cpoe",-5.1,-0.0297848259409929
"cpoe",-5,-0.0292343160605537
"cpoe",-4.9,-0.0286838061801145
"cpoe",-4.8,-0.0281332962996752
"cpoe",-4.7,-0.0275827864192359
"cpoe",-4.6,-0.0270322765387966
"cpoe",-4.5,-0.026481766658357
"cpoe",-4.4,-0.0259312567779172
"cpoe",-4.3,-0.0253807468974772
"cpoe",-4.2,-0.0248302370170369
"cpoe",-4.1,-0.0242797271365963
"cpoe",-4,-0.0237292172561553
"cpoe",-3.9,-0.0231787073757138
"cpoe",-3.8,-0.0226281974952718
"cpoe",-3.7,-0.0220776876148293
"cpoe",-3.6,-0.0215271777343862
"cpoe",-3.5,-0.0209766678539424
"cpoe",-3.4,-0.020426157973498
"cpoe",-3.3,-0.0198756480930528
"cpoe",-3.2,-0.0193251382126068
"cpoe",-3.1,-0.0187746283321601
"cpoe",-3,-0.0182241184517124
"cpoe",-2.9,-0.0176736085712639
"cpoe",-2.8,-0.0171230986908145
"cpoe",-2.7,-0.0165725888103642
"cpoe",-2.6,-0.016022078929913
"cpoe",-2.5,-0.0154715690494607
"cpoe",-2.4,-0.0149210591690074
"cpoe",-2.3,-0.0143705492885531
"cpoe",-2.2,-0.0138200394080978
"cpoe",-2.1,-0.0132695295276415
"cpoe",-2,-0.0127190196471842
"cpoe",-1.9,-0.0121685097667258
"cpoe",-1.8,-0.0116179998862664
"cpoe",-1.7,-0.011067490005806
"cpoe",-1.59999999999999,-0.0105169801253445
"cpoe",-1.5,-0.0099664702448822
"cpoe",-1.4,-0.00941596036441886
"cpoe",-1.3,-0.00886545048395458
"cpoe",-1.2,-0.00831494060348936
"cpoe",-1.09999999999999,-0.00776443072302324
"cpoe",-1,-0.00721392084255625
"cpoe",-0.899999999999999,-0.00666341096208833
"cpoe",-0.799999999999997,-0.00611290108161952
"cpoe",-0.699999999999996,-0.00556239120114983
"cpoe",-0.599999999999994,-0.00501188132067926
"cpoe",-0.5,-0.00446137144020784
"cpoe",-0.399999999999999,-0.00391086155973549
"cpoe",-0.299999999999997,-0.00336035167926224
"cpoe",-0.199999999999996,-0.00280984179878807
"cpoe",-0.0999999999999943,-0.00225933191831297
"cpoe",0,-0.00170882203783695
"cpoe",0.100000000000001,-0.0011583121573599
"cpoe",0.200000000000003,-0.000607802276881847
"cpoe",0.300000000000004,-5.72923964027405e-05
"cpoe",0.400000000000006,0.000493217484077449
"cpoe",0.5,0.00104372736455872
"cpoe",0.600000000000001,0.00159423724504118
"cpoe",0.700000000000003,0.00214474712552482
"cpoe",0.800000000000004,0.00269525700600969
"cpoe",0.900000000000006,0.00324576688649579
"cpoe",1,0.00379627676698313
"cpoe",1.1,0.00434678664747177
"cpoe",1.2,0.0048972965279617
"cpoe",1.3,0.00544780640845291
"cpoe",1.40000000000001,0.00599831628894539
"cpoe",1.5,0.00654882616943909
"cpoe",1.6,0.00709933604993407
"cpoe",1.7,0.00764984593043027
"cpoe",1.8,0.00820035581092765
"cpoe",1.90000000000001,0.00875086569142617
"cpoe",2,0.00930137557192575
"cpoe",2.1,0.00985188545242641
"cpoe",2.2,0.010402395332928
"cpoe",2.3,0.0109529052134306
"cpoe",2.40000000000001,0.011503415093934
"cpoe",2.5,0.0120539249744381
"cpoe",2.6,0.012604434854943
"cpoe",2.7,0.0131549447354484
"cpoe",2.8,0.0137054546159544
"cpoe",2.90000000000001,0.0142559644964608
"cpoe",3,0.0148064743769675
"cpoe",3.1,0.0153569842574745
"cpoe",3.2,0.0159074941379818
"cpoe",3.3,0.0164580040184891
"cpoe",3.40000000000001,0.0170085138989965
"cpoe",3.5,0.0175590237795039
"cpoe",3.6,0.0181095336600111
"cpoe",3.7,0.0186600435405183
"cpoe",3.8,0.0192105534210253
"cpoe",3.90000000000001,0.019761063301532
"cpoe",4,0.0203115731820385
"cpoe",4.1,0.0208620830625446
"cpoe",4.2,0.0214125929430505
"cpoe",4.3,0.0219631028235559
"cpoe",4.40000000000001,0.022513612704061
"cpoe",4.5,0.0230641225845656
"cpoe",4.6,0.02361463246507
"cpoe",4.7,0.0241651423455739
"cpoe",4.8,0.0247156522260774
"cpoe",4.90000000000001,0.0252661621065805
"cpoe",5,0.0258166719870833
"cpoe",5.1,0.0263671818675857
"cpoe",5.2,0.0269176917480878
"cpoe",5.3,0.0274682016285895
"cpoe",5.40000000000001,0.028018711509091
"cpoe",5.5,0.0285692213895921
"cpoe",5.6,0.0291197312700931
"cpoe",5.7,0.0296702411505938
"cpoe",5.8,0.0302207510310942
"cpoe",5.90000000000001,0.0307712609115945
"cpoe",6,0.0313217707920946
"cpoe",6.1,0.0318722806725946
"cpoe",6.2,0.0324227905530944
"cpoe",6.3,0.0329733004335941
"cpoe",6.40000000000001,0.0335238103140938
"cpoe",6.5,0.0340743201945933
"cpoe",6.6,0.0346248300750927
"cpoe",6.7,0.0351753399555921
"cpoe",6.8,0.0357258498360915
"cpoe",6.90000000000001,0.0362763597165908
"cpoe",7,0.03682686959709
"cpoe",7.1,0.0373773794775892
"cpoe",7.2,0.0379278893580885
"cpoe",7.3,0.0384783992385877
"cpoe",7.40000000000001,0.0390289091190869
"cpoe",7.5,0.0395794189995861
"cpoe",7.6,0.0401299288800852
"cpoe",7.7,0.0406804387605844
"cpoe",7.8,0.0412309486410836
"cpoe",7.90000000000001,0.0417814585215828
"cpoe",8,0.042331968402082
"cpoe",8.1,0.0428824782825812
"cpoe",8.2,0.0434329881630804
"cpoe",8.3,0.0439834980435796
"cpoe",8.40000000000001,0.0445340079240788
"cpoe",8.5,0.0450845178045779
"cpoe",8.6,0.0456350276850771
"cpoe",8.7,0.0461855375655763
"cpoe",8.8,0.0467360474460755
"cpoe",8.90000000000001,0.0472865573265747
"cpoe",9,0.0478370672070738
"cpoe",9.1,0.048387577087573
"cpoe",9.2,0.0489380869680722
"cpoe",9.3,0.0494885968485714
"cpoe",9.40000000000001,0.0500391067290706
"cpoe",9.5,0.0505896166095698
"cpoe",9.6,0.051140126490069
"cpoe",9.7,0.0516906363705682
"cpoe",9.8,0.0522411462510673
"cpoe",9.90000000000001,0.0527916561315665
"cpoe",10,0.0533421660120657
"cpoe",10.1,0.0538926758925649
"cpoe",10.2,0.0544431857730641
"cpoe",10.3,0.0549936956535633
"cpoe",10.4,0.0555442055340625
"cpoe",10.5,0.0560947154145616
"cpoe",10.6,0.0566452252950608
"cpoe",10.7,0.05719573517556
"cpoe",10.8,0.0577462450560592
"cpoe",10.9,0.0582967549365584
"cpoe",11,0.0588472648170576
"cpoe",11.1,0.0593977746975568
"cpoe",11.2,0.0599482845780559
"cpoe",11.3,0.0604987944585551
"cpoe",11.4,0.0610493043390543
"cpoe",11.5,0.0615998142195535
"cpoe",11.6,0.0621503241000527
"cpoe",11.7,0.0627008339805519
"cpoe",11.8,0.0632513438610511
"cpoe",11.9,0.0638018537415503
"cpoe",12,0.0643523636220494
"cpoe",12.1,0.0649028735025486
"cpoe",12.2,0.0654533833830478
"cpoe",12.3,0.066003893263547
"cpoe",12.4,0.0665544031440462
"cpoe",12.5,0.0671049130245453
"cpoe",12.6,0.0676554229050445
"cpoe",12.7,0.0682059327855437
"cpoe",12.8,0.0687564426660429
"cpoe",12.9,0.0693069525465421
"cpoe",13,0.0698574624270413
"cpoe",13.1,0.0704079723075405
"cpoe",13.2,0.0709584821880397
"cpoe",13.3,0.0715089920685388
"cpoe",13.4,0.072059501949038
"cpoe",13.5,0.0726100118295372
"cpoe",13.6,0.0731605217100364
"cpoe",13.7,0.0737110315905356
"cpoe",13.8,0.0742615414710348
"cpoe",13.9,0.074812051351534
"cpoe",14,0.0753625612320331
"cpoe",14.1,0.0759130711125323
"cpoe",14.2,0.0764635809930315
"cpoe",14.3,0.0770140908735307
"cpoe",14.4,0.0775646007540299
"cpoe",14.5,0.0781151106345291
"cpoe",14.6,0.0786656205150282
"cpoe",14.7,0.0792161303955274
"cpoe",14.8,0.0797666402760266
"cpoe",14.9,0.0803171501565258
"cpoe",15,0.080867660037025
"cpoe",15.1,0.0814181699175242
"cpoe",15.2,0.0819686797980234
"cpoe",15.3,0.0825191896785226
"cpoe",15.4,0.0830696995590218
"cpoe",15.5,0.0836202094395209
"cpoe",15.6,0.0841707193200201
"cpoe",15.7,0.0847212292005193
"cpoe",15.8,0.0852717390810185
"cpoe",15.9,0.0858222489615177
"cpoe",16,0.0863727588420168
"cpoe",16.1,0.086923268722516
"cpoe",16.2,0.0874737786030152
"cpoe",16.3,0.0880242884835144
"cpoe",16.4,0.0885747983640136
"cpoe",16.5,0.0891253082445128
"cpoe",16.6,0.089675818125012
"cpoe",16.7,0.0902263280055111
"cpoe",16.8,0.0907768378860103
"cpoe",16.9,0.0913273477665095
"cpoe",17,0.0918778576470087
"cpoe",17.1,0.0924283675275079
"cpoe",17.2,0.0929788774080071
"cpoe",17.3,0.0935293872885063
"cpoe",17.4,0.0940798971690055
"cpoe",17.5,0.0946304070495046
"cpoe",17.6,0.0951809169300038
"cpoe",17.7,0.095731426810503
"cpoe",17.8,0.0962819366910022
"cpoe",17.9,0.0968324465715014
"cpoe",18,0.0973829564520005
"cpoe",18.1,0.0979334663324997
"cpoe",18.2,0.0984839762129989
"cpoe",18.3,0.0990344860934981
"cpoe",18.4,0.0995849959739973
"cpoe",18.5,0.100135505854496
"cpoe",18.6,0.100686015734996
"cpoe",18.7,0.101236525615495
"cpoe",18.8,0.101787035495994
"cpoe",18.9,0.102337545376493
"cpoe",19,0.102888055256992
"cpoe",19.1,0.103438565137492
"cpoe",19.2,0.103989075017991
"cpoe",19.3,0.10453958489849
"cpoe",19.4,0.105090094778989
"cpoe",19.5,0.105640604659488
"cpoe",19.6,0.106191114539988
"cpoe",19.7,0.106741624420487
"cpoe",19.8,0.107292134300986
"cpoe",19.9,0.107842644181485
"cpoe",20,0.108393154061984
"cpoe",20.1,0.108943663942483
"cpoe",20.2,0.109494173822983
"cpoe",20.3,0.110044683703482
"cpoe",20.4,0.110595193583981
"cpoe",20.5,0.11114570346448
"cpoe",20.6,0.111696213344979
"cpoe",20.7,0.112246723225479
"cpoe",20.8,0.112797233105978
"cpoe",20.9,0.113347742986477
"cpoe",21,0.113898252866976
"cpoe",21.1,0.114448762747475
"cpoe",21.2,0.114999272627975
"cpoe",21.3,0.115549782508474
"cpoe",21.4,0.116100292388973
"cpoe",21.5,0.116650802269472
"cpoe",21.6,0.117201312149971
"cpoe",21.7,0.11775182203047
"cpoe",21.8,0.11830233191097
"cpoe",21.9,0.118852841791469
"cpoe",22,0.119403351671968
"cpoe",22.1,0.119953861552467
"cpoe",22.2,0.120504371432966
"cpoe",22.3,0.121054881313466
"cpoe",22.4,0.121605391193965
"cpoe",22.5,0.122155901074464
"cpoe",22.6,0.122706410954963
"cpoe",22.7,0.123256920835462
"cpoe",22.8,0.123807430715961
"cpoe",22.9,0.124357940596461
"cpoe",23,0.12490845047696
"cpoe",23.1,0.125458960357459
"cpoe",23.2,0.126009470237958
"cpoe",23.3,0.126559980118457
"cpoe",23.4,0.127110489998957
"cpoe",23.5,0.127660999879456
"cpoe",23.6,0.128211509759955
"cpoe",23.7,0.128762019640454
"cpoe",23.8,0.129312529520953
"cpoe",23.9,0.129863039401453
"cpoe",24,0.130413549281952
"cpoe",24.1,0.130964059162451
"cpoe",24.2,0.13151456904295
"cpoe",24.3,0.132065078923449
"cpoe",24.4,0.132615588803948
"cpoe",24.5,0.133166098684448
"cpoe",24.6,0.133716608564947
"cpoe",24.7,0.134267118445446
"cpoe",24.8,0.134817628325945
"cpoe",24.9,0.135368138206444
"cpoe",25,0.135918648086944
"cpoe",25.1,0.136469157967443
"cpoe",25.2,0.137019667847942
"cpoe",25.3,0.137570177728441
"cpoe",25.4,0.13812068760894
"cpoe",25.5,0.138671197489439
"cpoe",25.6,0.139221707369939
"cpoe",25.7,0.139772217250438
"cpoe",25.8,0.140322727130937
"cpoe",25.9,0.140873237011436
"cpoe",26,0.141423746891935
"cpoe",26.1,0.141974256772435
"cpoe",26.2,0.142524766652934
"cpoe",26.3,0.143075276533433
"cpoe",26.4,0.143625786413932
"cpoe",26.5,0.144176296294431
"cpoe",26.6,0.144726806174931
"cpoe",26.7,0.14527731605543
"cpoe",26.8,0.145827825935929
"cpoe",26.9,0.146378335816428
"cpoe",27,0.146928845696927
"cpoe",27.1,0.147479355577426
"cpoe",27.2,0.148029865457926
"cpoe",27.3,0.148580375338425
"cpoe",27.4,0.149130885218924
"cpoe",27.5,0.149681395099423
"cpoe",27.6,0.150231904979922
"cpoe",27.7,0.150782414860422
"cpoe",27.8,0.151332924740921
"cpoe",27.9,0.15188343462142
"cpoe",28,0.152433944501919
"cpoe",28.1,0.152984454382418
"cpoe",28.2,0.153534964262917
"cpoe",28.3,0.154085474143417
"cpoe",28.4,0.154635984023916
"cpoe",28.5,0.155186493904415
"cpoe",28.6,0.155737003784914
"cpoe",28.7,0.156287513665413
"cpoe",28.8,0.156838023545913
"cpoe",28.9,0.157388533426412
"cpoe",29,0.157939043306911
"cpoe",29.1,0.15848955318741
"cpoe",29.2,0.159040063067909
"cpoe",29.3,0.159590572948409
"cpoe",29.4,0.160141082828908
"cpoe",29.5,0.160691592709407
"cpoe",29.6,0.161242102589906
"cpoe",29.7,0.161792612470405
"cpoe",29.8,0.162343122350904
"cpoe",29.9,0.162893632231404
"cpoe",30,0.163444142111903
"cpoe",30.1,0.163994651992402
"cpoe",30.2,0.164545161872901
"cpoe",30.3,0.1650956717534
"cpoe",30.4,0.1656461816339
"cpoe",30.5,0.166196691514399
"cpoe",30.6,0.166747201394898
"cpoe",30.7,0.167297711275397
"cpoe",30.8,0.167848221155896
"cpoe",30.9,0.168398731036396
"cpoe",31,0.168949240916895
"cpoe",31.1,0.169499750797394
"cpoe",31.2,0.170050260677893
"cpoe",31.3,0.170600770558392
"cpoe",31.4,0.171151280438891
"cpoe",31.5,0.171701790319391
"cpoe",31.6,0.17225230019989
"cpoe",31.7,0.172802810080389
"cpoe",31.8,0.173353319960888
"cpoe",31.9,0.173903829841387
"cpoe",32,0.174454339721887
"cpoe",32.1,0.175004849602386
"cpoe",32.2,0.175555359482885
"cpoe",32.3,0.176105869363384
"cpoe",32.4,0.176656379243883
"cpoe",32.5,0.177206889124382
"cpoe",32.6,0.177757399004882
"cpoe",32.7,0.178307908885381
"cpoe",32.8,0.17885841876588
"cpoe",32.9,0.179408928646379
"cpoe",33,0.179959438526878
"cpoe",33.1,0.180509948407378
"cpoe",33.2,0.181060458287877
"cpoe",33.3,0.181610968168376
"cpoe",33.4,0.182161478048875
"cpoe",33.5,0.182711987929374
"cpoe",33.6,0.183262497809874
"cpoe",33.7,0.183813007690373
"cpoe",33.8,0.184363517570872
"cpoe",33.9,0.184914027451371
"cpoe",34,0.18546453733187
"cpoe",34.1,0.186015047212369
"cpoe",34.2,0.186565557092869
"cpoe",34.3,0.187116066973368
"cpoe",34.4,0.187666576853867
"cpoe",34.5,0.188217086734366
"cpoe",34.6,0.188767596614865
"cpoe",34.7,0.189318106495365
"cpoe",34.8,0.189868616375864
"cpoe",34.9,0.190419126256363
"cpoe",35,0.190969636136862
"cpoe",35.1,0.191520146017361
"cpoe",35.2,0.192070655897861
"cpoe",35.3,0.19262116577836
"cpoe",35.4,0.193171675658859
"cpoe",35.5,0.193722185539358
"cpoe",35.6,0.194272695419857
"cpoe",35.7,0.194823205300356
"cpoe",35.8,0.195373715180856
"cpoe",35.9,0.195924225061355
"cpoe",36,0.196474734941854
"cpoe",36.1,0.197025244822353
"cpoe",36.2,0.197575754702852
"cpoe",36.3,0.198126264583352
"cpoe",36.4,0.198676774463851
"cpoe",36.5,0.19922728434435
"cpoe",36.6,0.199777794224849
"cpoe",36.7,0.200328304105348
"cpoe",36.8,0.200878813985848
"cpoe",36.9,0.201429323866347
"cpoe",37,0.201979833746846
"cpoe",37.1,0.202530343627345
"cpoe",37.2,0.203080853507844
"cpoe",37.3,0.203631363388343
"cpoe",37.4,0.204181873268843
"cpoe",37.5,0.204732383149342
"cpoe",37.6,0.205282893029841
"cpoe",37.7,0.20583340291034
"cpoe",37.8,0.206383912790839
"cpoe",37.9,0.206934422671339
"cpoe",38,0.207484932551838
"cpoe",38.1,0.208035442432337
"cpoe",38.2,0.208585952312836
"cpoe",38.3,0.209136462193335
"cpoe",38.4,0.209686972073834
"cpoe",38.5,0.210237481954334
"cpoe",38.6,0.210787991834833
"cpoe",38.7,0.211338501715332
"cpoe",38.8,0.211889011595831
"cpoe",38.9,0.21243952147633
"cpoe",39,0.21299003135683
"cpoe",39.1,0.213540541237329
"cpoe",39.2,0.214091051117828
"cpoe",39.3,0.214641560998327
"cpoe",39.4,0.215192070878826
"cpoe",39.5,0.215742580759325
"cpoe",39.6,0.216293090639825
"cpoe",39.7,0.216843600520324
"cpoe",39.8,0.217394110400823
"cpoe",39.9,0.217944620281322
"cpoe",40,0.218495130161821
"epa_per_play",-2,0.0321420301594073
"epa_per_play",-1.995,0.03189189539807
"epa_per_play",-1.99,0.0316417606366719
"epa_per_play",-1.985,0.0313916258753139
"epa_per_play",-1.98,0.0311414911139192
"epa_per_play",-1.975,0.0308913563525807
"epa_per_play",-1.97,0.0306412215911464
"epa_per_play",-1.965,0.0303910868297714
"epa_per_play",-1.96,0.0301409520684065
"epa_per_play",-1.955,0.0298908173070408
"epa_per_play",-1.95,0.0296406825456741
"epa_per_play",-1.945,0.0293905477842941
"epa_per_play",-1.94,0.0291404130229068
"epa_per_play",-1.935,0.0288902782615383
"epa_per_play",-1.93,0.0286401435001638
"epa_per_play",-1.925,0.0283900087387683
"epa_per_play",-1.92,0.0281398739774258
"epa_per_play",-1.915,0.0278897392160376
"epa_per_play",-1.91,0.0276396044546913
"epa_per_play",-1.905,0.0273894696932863
"epa_per_play",-1.9,0.0271393349318897
"epa_per_play",-1.895,0.0268892001705431
"epa_per_play",-1.89,0.026639065409168
"epa_per_play",-1.885,0.0263889306478213
"epa_per_play",-1.88,0.0261387958864174
"epa_per_play",-1.875,0.0258886611250499
"epa_per_play",-1.87,0.0256385263636895
"epa_per_play",-1.865,0.0253883916022598
"epa_per_play",-1.86,0.0251382568409093
"epa_per_play",-1.855,0.0248881220795534
"epa_per_play",-1.85,0.0246379873181878
"epa_per_play",-1.845,0.0243878525568233
"epa_per_play",-1.84,0.0241377177954064
"epa_per_play",-1.835,0.0238875830340634
"epa_per_play",-1.83,0.023637448272669
"epa_per_play",-1.825,0.0233873135113027
"epa_per_play",-1.82,0.0231371787499141
"epa_per_play",-1.815,0.0228870439885362
"epa_per_play",-1.81,0.022636909227172
"epa_per_play",-1.805,0.0223867744657978
"epa_per_play",-1.8,0.0221366397043793
"epa_per_play",-1.795,0.021886504943051
"epa_per_play",-1.79,0.021636370181693
"epa_per_play",-1.785,0.0213862354202771
"epa_per_play",-1.78,0.0211361006589082
"epa_per_play",-1.775,0.0208859658975325
"epa_per_play",-1.77,0.020635831136166
"epa_per_play",-1.765,0.0203856963747904
"epa_per_play",-1.76,0.0201355616134208
"epa_per_play",-1.755,0.0198854268520455
"epa_per_play",-1.75,0.0196352920906768
"epa_per_play",-1.745,0.0193851573293252
"epa_per_play",-1.74,0.0191350225679275
"epa_per_play",-1.735,0.0188848878065565
"epa_per_play",-1.73,0.0186347530451556
"epa_per_play",-1.725,0.0183846182837855
"epa_per_play",-1.72,0.0181344835224274
"epa_per_play",-1.715,0.0178843487610514
"epa_per_play",-1.71,0.0176342139996762
"epa_per_play",-1.705,0.0173840792383009
"epa_per_play",-1.7,0.0171339444769203
"epa_per_play",-1.695,0.0168838097155631
"epa_per_play",-1.69,0.0166336749541546
"epa_per_play",-1.685,0.0163835401928014
"epa_per_play",-1.68,0.0161334054314193
"epa_per_play",-1.675,0.0158832706700464
"epa_per_play",-1.67,0.0156331359086735
"epa_per_play",-1.665,0.0153830011472913
"epa_per_play",-1.66,0.0151328663859222
"epa_per_play",-1.655,0.0148827316245462
"epa_per_play",-1.65,0.0146325968631558
"epa_per_play",-1.645,0.0143824621017767
"epa_per_play",-1.64,0.0141323273404173
"epa_per_play",-1.635,0.0138821925790596
"epa_per_play",-1.63,0.0136320578176703
"epa_per_play",-1.625,0.0133819230562944
"epa_per_play",-1.62,0.0131317882949268
"epa_per_play",-1.615,0.0128816535335268
"epa_per_play",-1.61,0.0126315187721595
"epa_per_play",-1.605,0.0123813840107879
"epa_per_play",-1.6,0.0121312492494114
"epa_per_play",-1.595,0.0118811144880513
"epa_per_play",-1.59,0.0116309797266688
"epa_per_play",-1.585,0.011380844965286
"epa_per_play",-1.58,0.0111307102039233
"epa_per_play",-1.575,0.0108805754425371
"epa_per_play",-1.57,0.0106304406811718
"epa_per_play",-1.565,0.0103803059198103
"epa_per_play",-1.56,0.0101301711584314
"epa_per_play",-1.555,0.00988003639704374
"epa_per_play",-1.55,0.00962990163567173
"epa_per_play",-1.545,0.00937976687428763
"epa_per_play",-1.54,0.00912963211291579
"epa_per_play",-1.535,0.00887949735152405
"epa_per_play",-1.53,0.00862936259016586
"epa_per_play",-1.525,0.00837922782880002
"epa_per_play",-1.52,0.00812909306740275
"epa_per_play",-1.515,0.00787895830603502
"epa_per_play",-1.51,0.00762882354467087
"epa_per_play",-1.505,0.00737868878328676
"epa_per_play",-1.5,0.0071285540219258
"epa_per_play",-1.495,0.00687841926054553
"epa_per_play",-1.49,0.00662828449916528
"epa_per_play",-1.485,0.00637814973779838
"epa_per_play",-1.48,0.00612801497640056
"epa_per_play",-1.475,0.00587788021503255
"epa_per_play",-1.47,0.005627745453684
"epa_per_play",-1.465,0.00537761069228862
"epa_per_play",-1.46,0.00512747593092072
"epa_per_play",-1.455,0.00487734116954872
"epa_per_play",-1.45,0.00462720640816891
"epa_per_play",-1.445,0.00437707164680629
"epa_per_play",-1.44,0.00412693688541041
"epa_per_play",-1.435,0.00387680212403857
"epa_per_play",-1.43,0.00362666736267775
"epa_per_play",-1.425,0.00337653260129969
"epa_per_play",-1.42,0.00312639783993995
"epa_per_play",-1.415,0.0028762630785448
"epa_per_play",-1.41,0.00262612831717918
"epa_per_play",-1.405,0.0023759935558004
"epa_per_play",-1.4,0.00212585879441349
"epa_per_play",-1.395,0.0018757240330381
"epa_per_play",-1.39,0.00162558927167564
"epa_per_play",-1.385,0.00137545451030424
"epa_per_play",-1.38,0.00112531974892699
"epa_per_play",-1.375,0.000875184987549099
"epa_per_play",-1.37,0.000625050226177315
"epa_per_play",-1.365,0.00037491546479454
"epa_per_play",-1.36,0.000124780703419397
"epa_per_play",-1.355,-0.000125354057960214
"epa_per_play",-1.35,-0.000375488819337161
"epa_per_play",-1.345,-0.000625623580705892
"epa_per_play",-1.34,-0.000875758342073873
"epa_per_play",-1.335,-0.00112589310346287
"epa_per_play",-1.33,-0.00137602786484048
"epa_per_play",-1.325,-0.00162616262620838
"epa_per_play",-1.32,-0.00187629738756348
"epa_per_play",-1.315,-0.00212643214896185
"epa_per_play",-1.31,-0.0023765669103227
"epa_per_play",-1.305,-0.00262670167171453
"epa_per_play",-1.3,-0.0028768364330739
"epa_per_play",-1.295,-0.0031269711944493
"epa_per_play",-1.29,-0.00337710595583762
"epa_per_play",-1.285,-0.00362724071720782
"epa_per_play",-1.28,-0.00387737547858596
"epa_per_play",-1.275,-0.00412751023994451
"epa_per_play",-1.27,-0.00437764500132962
"epa_per_play",-1.265,-0.0046277797627047
"epa_per_play",-1.26,-0.00487791452408196
"epa_per_play",-1.255,-0.00512804928544694
"epa_per_play",-1.25,-0.00537818404683427
"epa_per_play",-1.245,-0.00562831880820386
"epa_per_play",-1.24,-0.00587845356958117
"epa_per_play",-1.235,-0.00612858833094621
"epa_per_play",-1.23,-0.00637872309233498
"epa_per_play",-1.225,-0.00662885785370129
"epa_per_play",-1.22,-0.00687899261507138
"epa_per_play",-1.215,-0.00712912737646162
"epa_per_play",-1.21,-0.00737926213782741
"epa_per_play",-1.205,-0.00762939689920772
"epa_per_play",-1.2,-0.00787953166057803
"epa_per_play",-1.195,-0.00812966642195534
"epa_per_play",-1.19,-0.00837980118333295
"epa_per_play",-1.185,-0.00862993594469999
"epa_per_play",-1.18,-0.00888007070608207
"epa_per_play",-1.175,-0.00913020546745755
"epa_per_play",-1.17,-0.00938034022883244
"epa_per_play",-1.165,-0.00963047499019531
"epa_per_play",-1.16,-0.00988060975158742
"epa_per_play",-1.155,-0.0101307445129545
"epa_per_play",-1.15,-0.0103808792743344
"epa_per_play",-1.145,-0.010631014035708
"epa_per_play",-1.14,-0.0108811487970817
"epa_per_play",-1.135,-0.011131283558459
"epa_per_play",-1.13,-0.0113814183198297
"epa_per_play",-1.125,-0.0116315530812052
"epa_per_play",-1.12,-0.0118816878425716
"epa_per_play",-1.115,-0.0121318226039547
"epa_per_play",-1.11,-0.0123819573653296
"epa_per_play",-1.105,-0.0126320921267037
"epa_per_play",-1.1,-0.0128822268880769
"epa_per_play",-1.095,-0.0131323616494586
"epa_per_play",-1.09,-0.0133824964108286
"epa_per_play",-1.085,-0.0136326311722002
"epa_per_play",-1.08,-0.0138827659335813
"epa_per_play",-1.075,-0.0141329006949615
"epa_per_play",-1.07,-0.014383035456325
"epa_per_play",-1.065,-0.0146331702177065
"epa_per_play",-1.06,-0.014883304979079
"epa_per_play",-1.055,-0.0151334397404594
"epa_per_play",-1.05,-0.0153835745018249
"epa_per_play",-1.045,-0.0156337092632013
"epa_per_play",-1.04,-0.0158838440245826
"epa_per_play",-1.035,-0.0161339787859532
"epa_per_play",-1.03,-0.0163841135473261
"epa_per_play",-1.025,-0.0166342483087077
"epa_per_play",-1.02,-0.0168843830700782
"epa_per_play",-1.015,-0.0171345178314543
"epa_per_play",-1.01,-0.0173846525928303
"epa_per_play",-1.005,-0.0176347873542034
"epa_per_play",-1,-0.0178849221155839
"epa_per_play",-0.995,-0.0181350568769569
"epa_per_play",-0.99,-0.0183851916383298
"epa_per_play",-0.985,-0.0186353263997025
"epa_per_play",-0.98,-0.0188854611610865
"epa_per_play",-0.975,-0.0191355959224558
"epa_per_play",-0.97,-0.0193857306838314
"epa_per_play",-0.965,-0.0196358654452062
"epa_per_play",-0.96,-0.019886000206581
"epa_per_play",-0.955,-0.0201361349679539
"epa_per_play",-0.95,-0.0203862697293289
"epa_per_play",-0.945,-0.0206364044907071
"epa_per_play",-0.94,-0.020886539252079
"epa_per_play",-0.935,-0.0211366740134538
"epa_per_play",-0.93,-0.0213868087748313
"epa_per_play",-0.925,-0.0216369435362037
"epa_per_play",-0.92,-0.0218870782975787
"epa_per_play",-0.915,-0.022137213058958
"epa_per_play",-0.91,-0.0223873478203307
"epa_per_play",-0.905,-0.0226374825817046
"epa_per_play",-0.9,-0.0228876173430756
"epa_per_play",-0.895,-0.0231377521044527
"epa_per_play",-0.89,-0.0233878868658308
"epa_per_play",-0.885,-0.0236380216272046
"epa_per_play",-0.88,-0.0238881563885808
"epa_per_play",-0.875,-0.024138291149952
"epa_per_play",-0.87,-0.0243884259113309
"epa_per_play",-0.865,-0.0246385606727055
"epa_per_play",-0.86,-0.0248886954340803
"epa_per_play",-0.855,-0.0251388301954539
"epa_per_play",-0.85,-0.0253889649568306
"epa_per_play",-0.845,-0.025639099718206
"epa_per_play",-0.84,-0.0258892344795773
"epa_per_play",-0.835,-0.026139369240955
"epa_per_play",-0.83,-0.0263895040023335
"epa_per_play",-0.825,-0.0266396387637036
"epa_per_play",-0.82,-0.0268897735250758
"epa_per_play",-0.815,-0.0271399082864544
"epa_per_play",-0.81,-0.0273900430478315
"epa_per_play",-0.805,-0.0276401778092019
"epa_per_play",-0.8,-0.027890312570582
"epa_per_play",-0.795,-0.028140447331955
"epa_per_play",-0.79,-0.0283905820933308
"epa_per_play",-0.785,-0.0286407168547052
"epa_per_play",-0.78,-0.0288908516160805
"epa_per_play",-0.775,-0.029140986377455
"epa_per_play",-0.77,-0.0293911211388295
"epa_per_play",-0.765,-0.0296412559002041
"epa_per_play",-0.76,-0.0298913906615807
"epa_per_play",-0.755,-0.0301415254229552
"epa_per_play",-0.75,-0.0303916601843298
"epa_per_play",-0.745,-0.0306417949457034
"epa_per_play",-0.74,-0.03089192970708
"epa_per_play",-0.735,-0.0311420644684557
"epa_per_play",-0.73,-0.0313921992298298
"epa_per_play",-0.725,-0.0316423339912065
"epa_per_play",-0.72,-0.0318924687525778
"epa_per_play",-0.715,-0.0321426035139571
"epa_per_play",-0.71,-0.0323927382753295
"epa_per_play",-0.705,-0.0326428730367037
"epa_per_play",-0.7,-0.0328930077980814
"epa_per_play",-0.695,-0.0331431425594554
"epa_per_play",-0.69,-0.0333932773208299
"epa_per_play",-0.685,-0.0336434120822041
"epa_per_play",-0.68,-0.033893546843581
"epa_per_play",-0.675,-0.0341436816049552
"epa_per_play",-0.67,-0.0343938163663291
"epa_per_play",-0.665,-0.034643951127705
"epa_per_play",-0.66,-0.0348940858890798
"epa_per_play",-0.655,-0.0351442206504559
"epa_per_play",-0.65,-0.0353943554118309
"epa_per_play",-0.645,-0.0356444901732054
"epa_per_play",-0.64,-0.0358946249345805
"epa_per_play",-0.635,-0.0361447596959541
"epa_per_play",-0.63,-0.0363948944573306
"epa_per_play",-0.625,-0.0366450292187047
"epa_per_play",-0.62,-0.0368951639800806
"epa_per_play",-0.615,-0.037145298741456
"epa_per_play",-0.61,-0.0373954335028298
"epa_per_play",-0.605,-0.0376455682642056
"epa_per_play",-0.6,-0.0378957030255811
"epa_per_play",-0.595,-0.0381458377869558
"epa_per_play",-0.59,-0.0383959725483316
"epa_per_play",-0.585,-0.0386461073097055
"epa_per_play",-0.58,-0.0388962420710799
"epa_per_play",-0.575,-0.0391463768324555
"epa_per_play",-0.57,-0.039396511593831
"epa_per_play",-0.565,-0.0396466463552063
"epa_per_play",-0.56,-0.0398967811165813
"epa_per_play",-0.555,-0.0401469158779554
"epa_per_play",-0.55,-0.0403970506393303
"epa_per_play",-0.545,-0.0406471854007055
"epa_per_play",-0.54,-0.0408973201620807
"epa_per_play",-0.535,-0.0411474549234551
"epa_per_play",-0.53,-0.0413975896848308
"epa_per_play",-0.525,-0.0416477244462055
"epa_per_play",-0.52,-0.0418978592075797
"epa_per_play",-0.515,-0.0421479939689557
"epa_per_play",-0.51,-0.0423981287303304
"epa_per_play",-0.505,-0.0426482634917053
"epa_per_play",-0.5,-0.0428983982530806
"epa_per_play",-0.495,-0.0431485330144559
"epa_per_play",-0.49,-0.0433986677758303
"epa_per_play",-0.485,-0.0436488025372055
"epa_per_play",-0.48,-0.0438989372985806
"epa_per_play",-0.475,-0.044149072059956
"epa_per_play",-0.47,-0.0443992068213304
"epa_per_play",-0.465,-0.0446493415827057
"epa_per_play",-0.46,-0.0448994763440801
"epa_per_play",-0.455,-0.0451496111054555
"epa_per_play",-0.45,-0.04539974586683
"epa_per_play",-0.445,-0.0456498806282056
"epa_per_play",-0.44,-0.0459000153895801
"epa_per_play",-0.435,-0.0461501501509549
"epa_per_play",-0.43,-0.0464002849123305
"epa_per_play",-0.425,-0.0466504196737051
"epa_per_play",-0.42,-0.0469005544350804
"epa_per_play",-0.415,-0.0471506891964558
"epa_per_play",-0.41,-0.0474008239578306
"epa_per_play",-0.405,-0.0476509587192058
"epa_per_play",-0.4,-0.0479010934805804
"epa_per_play",-0.395,-0.0481512282419559
"epa_per_play",-0.39,-0.0484013630033306
"epa_per_play",-0.385,-0.0486514977647056
"epa_per_play",-0.38,-0.0489016325260806
"epa_per_play",-0.375,-0.0491517672874554
"epa_per_play",-0.37,-0.0494019020488303
"epa_per_play",-0.365,-0.0496520368102057
"epa_per_play",-0.36,-0.0499021715715806
"epa_per_play",-0.355,-0.0501523063329554
"epa_per_play",-0.35,-0.0504024410943304
"epa_per_play",-0.345,-0.0506525758557055
"epa_per_play",-0.34,-0.050902710617081
"epa_per_play",-0.335,-0.0511528453784552
"epa_per_play",-0.33,-0.0514029801398305
"epa_per_play",-0.325,-0.0516531149012056
"epa_per_play",-0.32,-0.0519032496625805
"epa_per_play",-0.315,-0.0521533844239557
"epa_per_play",-0.31,-0.0524035191853306
"epa_per_play",-0.305,-0.0526536539467056
"epa_per_play",-0.3,-0.0529037887080805
"epa_per_play",-0.295,-0.0531539234694556
"epa_per_play",-0.29,-0.0534040582020904
"epa_per_play",-0.285,-0.053654191616803
"epa_per_play",-0.28,-0.0539043206990422
"epa_per_play",-0.275,-0.0541544423096491
"epa_per_play",-0.27,-0.0544045533094649
"epa_per_play",-0.265,-0.0546546502698762
"epa_per_play",-0.26,-0.0549046596109237
"epa_per_play",-0.255,-0.0551543221976756
"epa_per_play",-0.25,-0.0554031635152987
"epa_per_play",-0.245,-0.055650617720954
"epa_per_play",-0.24,-0.0558961184252912
"epa_per_play",-0.235,-0.056139099238962
"epa_per_play",-0.23,-0.0563789937726165
"epa_per_play",-0.225,-0.056615235636905
"epa_per_play",-0.22,-0.056847258442479
"epa_per_play",-0.215,-0.0570744957999883
"epa_per_play",-0.21,-0.0572963813200842
"epa_per_play",-0.205,-0.057512348613417
"epa_per_play",-0.2,-0.0577218312906372
"epa_per_play",-0.195,-0.057924262962396
"epa_per_play",-0.19,-0.0581190771964936
"epa_per_play",-0.185,-0.0583055997173624
"epa_per_play",-0.18,-0.0584828157172696
"epa_per_play",-0.175,-0.0586496315131428
"epa_per_play",-0.17,-0.0588046026424805
"epa_per_play",-0.165,-0.0589457414265461
"epa_per_play",-0.16,-0.059070773183706
"epa_per_play",-0.155,-0.0591772264286603
"epa_per_play",-0.15,-0.0592624596470108
"epa_per_play",-0.145,-0.0593236356692589
"epa_per_play",-0.14,-0.0593579058603737
"epa_per_play",-0.135,-0.0593624028604807
"epa_per_play",-0.13,-0.0593340934436776
"epa_per_play",-0.125,-0.0592697463078564
"epa_per_play",-0.12,-0.0591660637589532
"epa_per_play",-0.115,-0.0590197088398457
"epa_per_play",-0.11,-0.0588272540556655
"epa_per_play",-0.105,-0.058585185856936
"epa_per_play",-0.0999999999999999,-0.058289972069218
"epa_per_play",-0.095,-0.0579381037638953
"epa_per_play",-0.0899999999999999,-0.0575261056165437
"epa_per_play",-0.085,-0.057050781009566
"epa_per_play",-0.0800000000000001,-0.0565092773643226
"epa_per_play",-0.075,-0.0558989695357631
"epa_per_play",-0.0700000000000001,-0.0552177850837394
"epa_per_play",-0.0649999999999999,-0.054464201290329
"epa_per_play",-0.0600000000000001,-0.0536373167545761
"epa_per_play",-0.0549999999999999,-0.0527367348929527
"epa_per_play",-0.05,-0.0517626522317638
"epa_per_play",-0.0449999999999999,-0.0507158596756685
"epa_per_play",-0.04,-0.0495974055447032
"epa_per_play",-0.0349999999999999,-0.0484085983684293
"epa_per_play",-0.03,-0.0471512189498926
"epa_per_play",-0.0249999999999999,-0.0458277523474853
"epa_per_play",-0.02,-0.0444411601900899
"epa_per_play",-0.0149999999999999,-0.0429948056740462
"epa_per_play",-0.01,-0.0414924783273657
"epa_per_play",-0.00499999999999989,-0.0399385527813113
"epa_per_play",0,-0.0383378144511202
"epa_per_play",0.00499999999999989,-0.0366951846474099
"epa_per_play",0.0100000000000002,-0.0350156144302329
"epa_per_play",0.0150000000000001,-0.0333039900337867
"epa_per_play",0.02,-0.0315650584729931
"epa_per_play",0.0249999999999999,-0.029803319216661
"epa_per_play",0.0300000000000002,-0.0280228502730364
"epa_per_play",0.0350000000000001,-0.0262273733035937
"epa_per_play",0.04,-0.0244201333181389
"epa_per_play",0.0449999999999999,-0.0226039260731794
"epa_per_play",0.0499999999999998,-0.0207810030790978
"epa_per_play",0.0550000000000002,-0.0189528916666515
"epa_per_play",0.0600000000000001,-0.017120613889357
"epa_per_play",0.0649999999999999,-0.0152847830856752
"epa_per_play",0.0699999999999998,-0.0134457135047104
"epa_per_play",0.0750000000000002,-0.0116035348261178
"epa_per_play",0.0800000000000001,-0.00975822783968937
"epa_per_play",0.085,-0.00790966258971669
"epa_per_play",0.0899999999999999,-0.00605762058810432
"epa_per_play",0.0950000000000002,-0.00420184991455781
"epa_per_play",0.1,-0.00234212508618328
"epa_per_play",0.105,-0.000478312380894999
"epa_per_play",0.11,0.00138962353427772
"epa_per_play",0.115,0.00326163384734087
"epa_per_play",0.12,0.00513757913549783
"epa_per_play",0.125,0.00701723403389129
"epa_per_play",0.13,0.00890030863965149
"epa_per_play",0.135,0.0107864964499782
"epa_per_play",0.14,0.0126755188645922
"epa_per_play",0.145,0.014567149035183
"epa_per_play",0.15,0.0164612049251483
"epa_per_play",0.155,0.0183575886269811
"epa_per_play",0.16,0.0202562894508667
"epa_per_play",0.165,0.022157384989795
"epa_per_play",0.17,0.0240610528178157
"epa_per_play",0.175,0.0259675148343463
"epa_per_play",0.18,0.027876995230592
"epa_per_play",0.185,0.0297896876769768
"epa_per_play",0.19,0.0317057565030927
"epa_per_play",0.195,0.0336252868496501
"epa_per_play",0.2,0.0355481557462802
"epa_per_play",0.205,0.0374739886009342
"epa_per_play",0.21,0.0394021697785041
"epa_per_play",0.215,0.0413317373700415
"epa_per_play",0.22,0.0432614070743296
"epa_per_play",0.225,0.0451897098459219
"epa_per_play",0.23,0.04711500148907
"epa_per_play",0.235,0.0490354124868363
"epa_per_play",0.24,0.0509489165227787
"epa_per_play",0.245,0.0528534586309536
"epa_per_play",0.25,0.0547469700766195
"epa_per_play",0.255,0.056627387464241
"epa_per_play",0.26,0.0584926799663873
"epa_per_play",0.265,0.0603409176189633
"epa_per_play",0.27,0.0621703028903436
"epa_per_play",0.275,0.0639791346448444
"epa_per_play",0.28,0.065766186895883
"epa_per_play",0.285,0.0675307542193349
"epa_per_play",0.29,0.0692723573065374
"epa_per_play",0.295,0.070990712882087
"epa_per_play",0.3,0.072685753536345
"epa_per_play",0.305,0.0743576564776452
"epa_per_play",0.31,0.0760068203565316
"epa_per_play",0.315,0.0776338380442917
"epa_per_play",0.32,0.079239454085371
"epa_per_play",0.325,0.0808245665100251
"epa_per_play",0.33,0.0823902340586999
"epa_per_play",0.335,0.0839378494893052
"epa_per_play",0.34,0.0854690124580358
"epa_per_play",0.345,0.0869854010407226
"epa_per_play",0.35,0.0884887013843511
"epa_per_play",0.355,0.0899805905946244
"epa_per_play",0.36,0.0914626614206767
"epa_per_play",0.365,0.0929364329609936
"epa_per_play",0.37,0.0944034197771397
"epa_per_play",0.375,0.0958651364306789
"epa_per_play",0.38,0.0973230974831766
"epa_per_play",0.385,0.0987788174961962
"epa_per_play",0.39,0.100233734052711
"epa_per_play",0.395,0.10168858792311
"epa_per_play",0.4,0.103143441793509
"epa_per_play",0.405,0.104598295663908
"epa_per_play",0.41,0.106053149534307
"epa_per_play",0.415,0.107508003404706
"epa_per_play",0.42,0.108962857275105
"epa_per_play",0.425,0.110417711145504
"epa_per_play",0.43,0.111872565015903
"epa_per_play",0.435,0.113327418886302
"epa_per_play",0.44,0.114782272756701
"epa_per_play",0.445,0.1162371266271
"epa_per_play",0.45,0.117691980497499
"epa_per_play",0.455,0.119146834367898
"epa_per_play",0.46,0.120601688238297
"epa_per_play",0.465,0.122056542108696
"epa_per_play",0.47,0.123511395979095
"epa_per_play",0.475,0.124966249849494
"epa_per_play",0.48,0.126421103719893
"epa_per_play",0.485,0.127875957590292
"epa_per_play",0.49,0.12933081146069
"epa_per_play",0.495,0.130785665331089
"epa_per_play",0.5,0.132240519201488
"epa_per_play",0.505,0.133695373071888
"epa_per_play",0.51,0.135150226942287
"epa_per_play",0.515,0.136605080812685
"epa_per_play",0.52,0.138059934683085
"epa_per_play",0.525,0.139514788553484
"epa_per_play",0.53,0.140969642423882
"epa_per_play",0.535,0.142424496294281
"epa_per_play",0.54,0.14387935016468
"epa_per_play",0.545,0.14533420403508
"epa_per_play",0.55,0.146789057905478
"epa_per_play",0.555,0.148243911775877
"epa_per_play",0.56,0.149698765646277
"epa_per_play",0.565,0.151153619516675
"epa_per_play",0.57,0.152608473387075
"epa_per_play",0.575,0.154063327257474
"epa_per_play",0.58,0.155518181127872
"epa_per_play",0.585,0.156973034998271
"epa_per_play",0.59,0.15842788886867
"epa_per_play",0.595,0.159882742739069
"epa_per_play",0.6,0.161337596609468
"epa_per_play",0.605,0.162792450479867
"epa_per_play",0.61,0.164247304350266
"epa_per_play",0.615,0.165702158220665
"epa_per_play",0.62,0.167157012091063
"epa_per_play",0.625,0.168611865961464
"epa_per_play",0.63,0.170066719831862
"epa_per_play",0.635,0.171521573702261
"epa_per_play",0.64,0.17297642757266
"epa_per_play",0.645,0.174431281443059
"epa_per_play",0.65,0.175886135313458
"epa_per_play",0.655,0.177340989183857
"epa_per_play",0.66,0.178795843054256
"epa_per_play",0.665,0.180250696924654
"epa_per_play",0.67,0.181705550795054
"epa_per_play",0.675,0.183160404665453
"epa_per_play",0.68,0.184615258535851
"epa_per_play",0.685,0.186070112406251
"epa_per_play",0.69,0.187524966276649
"epa_per_play",0.695,0.188979820147049
"epa_per_play",0.7,0.190434674017447
"epa_per_play",0.705,0.191889527887847
"epa_per_play",0.71,0.193344381758246
"epa_per_play",0.715,0.194799235628644
"epa_per_play",0.72,0.196254089499044
"epa_per_play",0.725,0.197708943369442
"epa_per_play",0.73,0.199163797239842
"epa_per_play",0.735,0.20061865111024
"epa_per_play",0.74,0.202073504980638
"epa_per_play",0.745,0.203528358851039
"epa_per_play",0.75,0.204983212721438
"epa_per_play",0.755,0.206438066591836
"epa_per_play",0.76,0.207892920462236
"epa_per_play",0.765,0.209347774332634
"epa_per_play",0.77,0.210802628203033
"epa_per_play",0.775,0.212257482073432
"epa_per_play",0.78,0.213712335943831
"epa_per_play",0.785,0.21516718981423
"epa_per_play",0.79,0.216622043684629
"epa_per_play",0.795,0.218076897555029
"epa_per_play",0.8,0.219531751425428
"epa_per_play",0.805,0.220986605295825
"epa_per_play",0.81,0.222441459166225
"epa_per_play",0.815,0.223896313036624
"epa_per_play",0.82,0.225351166907024
"epa_per_play",0.825,0.226806020777421
"epa_per_play",0.83,0.22826087464782
"epa_per_play",0.835,0.229715728518221
"epa_per_play",0.84,0.231170582388619
"epa_per_play",0.845,0.232625436259018
"epa_per_play",0.85,0.234080290129416
"epa_per_play",0.855,0.235535143999816
"epa_per_play",0.86,0.236989997870214
"epa_per_play",0.865,0.238444851740612
"epa_per_play",0.87,0.239899705611013
"epa_per_play",0.875,0.24135455948141
"epa_per_play",0.88,0.242809413351811
"epa_per_play",0.885,0.24426426722221
"epa_per_play",0.89,0.24571912109261
"epa_per_play",0.895,0.247173974963009
"epa_per_play",0.9,0.248628828833405
"epa_per_play",0.905,0.250083682703804
"epa_per_play",0.91,0.251538536574205
"epa_per_play",0.915,0.252993390444604
"epa_per_play",0.92,0.254448244315002
"epa_per_play",0.925,0.2559030981854
"epa_per_play",0.93,0.257357952055798
"epa_per_play",0.935,0.258812805926199
"epa_per_play",0.94,0.260267659796598
"epa_per_play",0.945,0.261722513666997
"epa_per_play",0.95,0.263177367537394
"epa_per_play",0.955,0.264632221407796
"epa_per_play",0.96,0.266087075278191
"epa_per_play",0.965,0.267541929148594
"epa_per_play",0.97,0.268996783018993
"epa_per_play",0.975,0.270451636889388
"epa_per_play",0.98,0.27190649075979
"epa_per_play",0.985,0.27336134463019
"epa_per_play",0.99,0.27481619850059
"epa_per_play",0.995,0.276271052370986
"epa_per_play",1,0.277725906241384
"epa_per_play",1.005,0.279180760111784
"epa_per_play",1.01,0.280635613982182
"epa_per_play",1.015,0.282090467852583
"epa_per_play",1.02,0.283545321722981
"epa_per_play",1.025,0.28500017559338
"epa_per_play",1.03,0.286455029463779
"epa_per_play",1.035,0.287909883334181
"epa_per_play",1.04,0.28936473720458
"epa_per_play",1.045,0.290819591074976
"epa_per_play",1.05,0.292274444945375
"epa_per_play",1.055,0.293729298815774
"epa_per_play",1.06,0.295184152686172
"epa_per_play",1.065,0.296639006556572
"epa_per_play",1.07,0.298093860426971
"epa_per_play",1.075,0.299548714297369
"epa_per_play",1.08,0.301003568167768
"epa_per_play",1.085,0.302458422038168
"epa_per_play",1.09,0.303913275908567
"epa_per_play",1.095,0.305368129778965
"epa_per_play",1.1,0.306822983649363
"epa_per_play",1.105,0.308277837519764
"epa_per_play",1.11,0.309732691390164
"epa_per_play",1.115,0.311187545260561
"epa_per_play",1.12,0.312642399130962
"epa_per_play",1.125,0.314097253001363
"epa_per_play",1.13,0.315552106871758
"epa_per_play",1.135,0.31700696074216
"epa_per_play",1.14,0.318461814612555
"epa_per_play",1.145,0.319916668482956
"epa_per_play",1.15,0.321371522353354
"epa_per_play",1.155,0.322826376223753
"epa_per_play",1.16,0.324281230094159
"epa_per_play",1.165,0.325736083964549
"epa_per_play",1.17,0.327190937834948
"epa_per_play",1.175,0.328645791705347
"epa_per_play",1.18,0.33010064557575
"epa_per_play",1.185,0.33155549944615
"epa_per_play",1.19,0.333010353316547
"epa_per_play",1.195,0.334465207186947
"epa_per_play",1.2,0.335920061057342
"epa_per_play",1.205,0.337374914927749
"epa_per_play",1.21,0.338829768798142
"epa_per_play",1.215,0.340284622668538
"epa_per_play",1.22,0.341739476538937
"epa_per_play",1.225,0.343194330409337
"epa_per_play",1.23,0.34464918427974
"epa_per_play",1.235,0.346104038150137
"epa_per_play",1.24,0.347558892020538
"epa_per_play",1.245,0.34901374589094
"epa_per_play",1.25,0.350468599761336
"epa_per_play",1.255,0.351923453631736
"epa_per_play",1.26,0.353378307502133
"epa_per_play",1.265,0.354833161372535
"epa_per_play",1.27,0.356288015242933
"epa_per_play",1.275,0.357742869113329
"epa_per_play",1.28,0.359197722983726
"epa_per_play",1.285,0.360652576854123
"epa_per_play",1.29,0.362107430724528
"epa_per_play",1.295,0.363562284594922
"epa_per_play",1.3,0.365017138465323
"epa_per_play",1.305,0.366471992335725
"epa_per_play",1.31,0.367926846206118
"epa_per_play",1.315,0.369381700076521
"epa_per_play",1.32,0.370836553946922
"epa_per_play",1.325,0.372291407817322
"epa_per_play",1.33,0.373746261687717
"epa_per_play",1.335,0.375201115558115
"epa_per_play",1.34,0.376655969428515
"epa_per_play",1.345,0.378110823298919
"epa_per_play",1.35,0.379565677169316
"epa_per_play",1.355,0.381020531039713
"epa_per_play",1.36,0.382475384910115
"epa_per_play",1.365,0.383930238780503
"epa_per_play",1.37,0.385385092650909
"epa_per_play",1.375,0.386839946521313
"epa_per_play",1.38,0.388294800391706
"epa_per_play",1.385,0.389749654262106
"epa_per_play",1.39,0.391204508132508
"epa_per_play",1.395,0.392659362002907
"epa_per_play",1.4,0.394114215873301
"epa_per_play",1.405,0.395569069743699
"epa_per_play",1.41,0.397023923614105
"epa_per_play",1.415,0.398478777484503
"epa_per_play",1.42,0.399933631354893
"epa_per_play",1.425,0.401388485225296
"epa_per_play",1.43,0.402843339095694
"epa_per_play",1.435,0.40429819296609
"epa_per_play",1.44,0.405753046836497
"epa_per_play",1.445,0.407207900706894
"epa_per_play",1.45,0.408662754577293
"epa_per_play",1.455,0.410117608447687
"epa_per_play",1.46,0.411572462318083
"epa_per_play",1.465,0.413027316188485
"epa_per_play",1.47,0.414482170058887
"epa_per_play",1.475,0.415937023929291
"epa_per_play",1.48,0.417391877799684
"epa_per_play",1.485,0.418846731670082
"epa_per_play",1.49,0.420301585540487
"epa_per_play",1.495,0.421756439410888
"epa_per_play",1.5,0.423211293281274
"epa_per_play",1.505,0.424666147151679
"epa_per_play",1.51,0.426121001022081
"epa_per_play",1.515,0.427575854892473
"epa_per_play",1.52,0.429030708762866
"epa_per_play",1.525,0.430485562633274
"epa_per_play",1.53,0.431940416503675
"epa_per_play",1.535,0.433395270374073
"epa_per_play",1.54,0.434850124244471
"epa_per_play",1.545,0.436304978114868
"epa_per_play",1.55,0.437759831985275
"epa_per_play",1.555,0.439214685855666
"epa_per_play",1.56,0.440669539726073
"epa_per_play",1.565,0.442124393596471
"epa_per_play",1.57,0.443579247466855
"epa_per_play",1.575,0.445034101337255
"epa_per_play",1.58,0.44648895520767
"epa_per_play",1.585,0.447943809078059
"epa_per_play",1.59,0.44939866294845
"epa_per_play",1.595,0.450853516818859
"epa_per_play",1.6,0.452308370689243
"epa_per_play",1.605,0.453763224559664
"epa_per_play",1.61,0.455218078430057
"epa_per_play",1.615,0.45667293230046
"epa_per_play",1.62,0.45812778617086
"epa_per_play",1.625,0.459582640041248
"epa_per_play",1.63,0.461037493911652
"epa_per_play",1.635,0.462492347782063
"epa_per_play",1.64,0.463947201652447
"epa_per_play",1.645,0.465402055522848
"epa_per_play",1.65,0.466856909393255
"epa_per_play",1.655,0.468311763263648
"epa_per_play",1.66,0.469766617134039
"epa_per_play",1.665,0.471221471004441
"epa_per_play",1.67,0.47267632487485
"epa_per_play",1.675,0.474131178745242
"epa_per_play",1.68,0.475586032615639
"epa_per_play",1.685,0.477040886486042
"epa_per_play",1.69,0.478495740356433
"epa_per_play",1.695,0.479950594226842
"epa_per_play",1.7,0.48140544809725
"epa_per_play",1.705,0.482860301967639
"epa_per_play",1.71,0.484315155838045
"epa_per_play",1.715,0.485770009708444
"epa_per_play",1.72,0.487224863578848
"epa_per_play",1.725,0.488679717449239
"epa_per_play",1.73,0.490134571319637
"epa_per_play",1.735,0.491589425190028
"epa_per_play",1.74,0.493044279060443
"epa_per_play",1.745,0.494499132930829
"epa_per_play",1.75,0.49595398680125
"epa_per_play",1.755,0.497408840671625
"epa_per_play",1.76,0.49886369454203
"epa_per_play",1.765,0.500318548412409
"epa_per_play",1.77,0.501773402282825
"epa_per_play",1.775,0.503228256153224
"epa_per_play",1.78,0.504683110023616
"epa_per_play",1.785,0.506137963894014
"epa_per_play",1.79,0.507592817764447
"epa_per_play",1.795,0.509047671634823
"epa_per_play",1.8,0.510502525505242
"epa_per_play",1.805,0.511957379375616
"epa_per_play",1.81,0.513412233246017
"epa_per_play",1.815,0.514867087116405
"epa_per_play",1.82,0.516321940986813
"epa_per_play",1.825,0.517776794857208
"epa_per_play",1.83,0.519231648727594
"epa_per_play",1.835,0.520686502598017
"epa_per_play",1.84,0.52214135646841
"epa_per_play",1.845,0.523596210338809
"epa_per_play",1.85,0.5250510642092
"epa_per_play",1.855,0.526505918079602
"epa_per_play",1.86,0.527960771950011
"epa_per_play",1.865,0.529415625820411
"epa_per_play",1.87,0.530870479690794
"epa_per_play",1.875,0.532325333561185
"epa_per_play",1.88,0.533780187431599
"epa_per_play",1.885,0.535235041301983
"epa_per_play",1.89,0.536689895172398
"epa_per_play",1.895,0.538144749042809
"epa_per_play",1.9,0.539599602913206
"epa_per_play",1.905,0.5410544567836
"epa_per_play",1.91,0.542509310653977
"epa_per_play",1.915,0.543964164524413
"epa_per_play",1.92,0.545419018394796
"epa_per_play",1.925,0.546873872265177
"epa_per_play",1.93,0.54832872613558
"epa_per_play",1.935,0.549783580006002
"epa_per_play",1.94,0.551238433876382
"epa_per_play",1.945,0.552693287746807
"epa_per_play",1.95,0.554148141617192
"epa_per_play",1.955,0.555602995487577
"epa_per_play",1.96,0.557057849357994
"epa_per_play",1.965,0.558512703228406
"epa_per_play",1.97,0.559967557098754
"epa_per_play",1.975,0.561422410969175
"epa_per_play",1.98,0.56287726483958
"epa_per_play",1.985,0.564332118709965
"epa_per_play",1.99,0.565786972580392
"epa_per_play",1.995,0.567241826450763
"epa_per_play",2,0.568696680321176
